published;title;summary;link
Mon, 07 Dec 2020 00:01:46 +0000;Is Google Tag Manager Preview Mode Not Working? 16 Ways To Fix It.;<p>IMPORTANT: October 16th, 2020. Google has just released a new version of the Preview and debug mode, which works completely differently. If you want to get familiar with it, watch this video first or read this blog post. Updated: December 7th, 2020. Is Google Tag Manager Preview Mode not working? I&#8217 m pretty sure we&#8217 ve all been there [&#8230 ]</p>. <p>The post <a href="https://www.analyticsmania.com/post/google-tag-manager-preview-mode-not-working/" rel="nofollow">Is Google Tag Manager Preview Mode Not Working? 16 Ways To Fix It.</a> appeared first on <a href="https://www.analyticsmania.com" rel="nofollow">Analytics Mania</a>.</p>;https://www.analyticsmania.com/post/google-tag-manager-preview-mode-not-working/
Thu, 26 Nov 2020 15:08:07 +0000;How to Track Custom Events with Google Analytics 4;<p>Google Analytics 4 definitely has a steep learning curve. If you compare it to Universal Analytics, there are many differences and event tracking is one of them. In one of my previous blog posts, I explained how GA4 event tracking works in general. But if you are interested in learning just how to track custom [&#8230 ]</p>. <p>The post <a href="https://www.analyticsmania.com/post/how-to-track-custom-events-with-google-analytics-4/" rel="nofollow">How to Track Custom Events with Google Analytics 4</a> appeared first on <a href="https://www.analyticsmania.com" rel="nofollow">Analytics Mania</a>.</p>;https://www.analyticsmania.com/post/how-to-track-custom-events-with-google-analytics-4/
Thu, 19 Nov 2020 12:46:15 +0000;How to Track Conversions with Google Analytics 4 (previously known as Goals);<p>In my previous Google Analytics 4 tutorials, I have shared how to install GA4 (or how to upgrade to it), then how to track events with Google Analytics 4 and Google Tag Manager. Now, the time has come to configure conversions. In other words, we&#8217 ll tell Google Analytics, that some events are more important to us. [&#8230 ]</p>. <p>The post <a href="https://www.analyticsmania.com/post/track-conversions-with-google-analytics-4/" rel="nofollow">How to Track Conversions with Google Analytics 4 (previously known as Goals)</a> appeared first on <a href="https://www.analyticsmania.com" rel="nofollow">Analytics Mania</a>.</p>;https://www.analyticsmania.com/post/track-conversions-with-google-analytics-4/
Mon, 16 Nov 2020 12:54:18 +0000;How to Track Events with Google Analytics 4 and Google Tag Manager;<p>When Google Analytics 4 was introduced, it was announced as the event-based analytics tool where everything is an event. A pageview, a purchase, etc. And there are many things to know about them that eventually materialized into this blog post and a video tutorial. Today, I will show how to track events with Google Analytics 4 [&#8230 ]</p>. <p>The post <a href="https://www.analyticsmania.com/post/how-to-track-events-with-google-analytics-4-and-google-tag-manager/" rel="nofollow">How to Track Events with Google Analytics 4 and Google Tag Manager</a> appeared first on <a href="https://www.analyticsmania.com" rel="nofollow">Analytics Mania</a>.</p>;https://www.analyticsmania.com/post/how-to-track-events-with-google-analytics-4-and-google-tag-manager/
Mon, 16 Nov 2020 11:26:55 +0000;How to Install Google Analytics 4 with Google Tag Manager;<p>In late 2020, Google renamed its App+Web properties to Google Analytics 4 and officially graduated from beta (at least, that&#8217 s what Google is saying). This means that from now on, the default property (when you create it) is GA4. It is a completely revamped platform (compared to the previous versions). New interface, new tag template [&#8230 ]</p>. <p>The post <a href="https://www.analyticsmania.com/post/how-to-install-google-analytics-4-with-google-tag-manager/" rel="nofollow">How to Install Google Analytics 4 with Google Tag Manager</a> appeared first on <a href="https://www.analyticsmania.com" rel="nofollow">Analytics Mania</a>.</p>;https://www.analyticsmania.com/post/how-to-install-google-analytics-4-with-google-tag-manager/
Wed, 11 Nov 2020 09:24:28 +0000;How to Debug iFrame with Google Tag Manager Preview Mode;<p>In October of 2020, the team behind Google Tag Manager released a completely new version of Google Tag Manager preview mode. That was a necessary step in its evolution (because the industry is moving away from 3rd party cookies). If you are new to the preview mode, read this blog post and watch this video tutorial. [&#8230 ]</p>. <p>The post <a href="https://www.analyticsmania.com/post/how-to-debug-iframe-with-google-tag-manager-preview-mode/" rel="nofollow">How to Debug iFrame with Google Tag Manager Preview Mode</a> appeared first on <a href="https://www.analyticsmania.com" rel="nofollow">Analytics Mania</a>.</p>;https://www.analyticsmania.com/post/how-to-debug-iframe-with-google-tag-manager-preview-mode/
Tue, 10 Nov 2020 03:06:37 +0000;4 ways how to turn off Google Tag Manager Preview mode;<p>Updated: November 10th, 2020. Google Tag Manager&#8217 s widget keeps popping up at the bottom of the screen, huh? If yes, you&#8217 ve come to the right place. In this guide, you&#8217 ll learn how to turn off Google Tag Manager debug mode (or, in other words, exit it), including common and not so common options. &#160 Regarding the [&#8230 ]</p>. <p>The post <a href="https://www.analyticsmania.com/post/4-ways-how-to-turn-off-google-tag-manager-debug-mode/" rel="nofollow">4 ways how to turn off Google Tag Manager Preview mode</a> appeared first on <a href="https://www.analyticsmania.com" rel="nofollow">Analytics Mania</a>.</p>;https://www.analyticsmania.com/post/4-ways-how-to-turn-off-google-tag-manager-debug-mode/
Mon, 09 Nov 2020 14:49:12 +0000;Upgrade to Google Analytics 4 – Now or Later?;<p>In late 2020, Google renamed its App+Web properties to Google Analytics 4 and officially graduated from beta (at least, that&#8217 s what Google is saying). This means that from now on, the default property (when you create it) is GA4. Naturally, many people online are confused: should they switch to the new version now? What about [&#8230 ]</p>. <p>The post <a href="https://www.analyticsmania.com/post/upgrade-to-google-analytics-4/" rel="nofollow">Upgrade to Google Analytics 4 &#8211 Now or Later?</a> appeared first on <a href="https://www.analyticsmania.com" rel="nofollow">Analytics Mania</a>.</p>;https://www.analyticsmania.com/post/upgrade-to-google-analytics-4/
Mon, 09 Nov 2020 08:08:00 +0000;Track Events in ActiveCampaign with Google Tag Manager and Zapier;<p>This blog post will be a bit different than other articles on this blog. The topic is still related to Google Tag Manager. However, the author of the article is not me. Yup, this is the first guest article on my blog. Ever. Let&#8217 s see how this goes. Matt Jackman was kind enough to share his [&#8230 ]</p>. <p>The post <a href="https://www.analyticsmania.com/post/track-events-in-activecampaign-with-google-tag-manager-and-zapier/" rel="nofollow">Track Events in ActiveCampaign with Google Tag Manager and Zapier</a> appeared first on <a href="https://www.analyticsmania.com" rel="nofollow">Analytics Mania</a>.</p>;https://www.analyticsmania.com/post/track-events-in-activecampaign-with-google-tag-manager-and-zapier/
Thu, 05 Nov 2020 16:39:46 +0000;A Quick Guide to Bulk Actions in Google Tag Manager;<p>Updated: November 5th, 2020 Looks like the GTM feature wishlist is starting to become a reality. Woohoo! First, email notifications, then partial export, and now this. Fresh from the oven. Google Tag Manager has introduced a feature I wanted for a long time, bulk actions. No more &#8220 delete one-by-one&#8221 , trying to solve this with Chrome [&#8230 ]</p>. <p>The post <a href="https://www.analyticsmania.com/post/bulk-actions-in-google-tag-manager/" rel="nofollow">A Quick Guide to Bulk Actions in Google Tag Manager</a> appeared first on <a href="https://www.analyticsmania.com" rel="nofollow">Analytics Mania</a>.</p>;https://www.analyticsmania.com/post/bulk-actions-in-google-tag-manager/